<?xml version="1.0" encoding="UTF-8"?>
<rss  xmlns:atom="http://www.w3.org/2005/Atom" 
      xmlns:media="http://search.yahoo.com/mrss/" 
      xmlns:content="http://purl.org/rss/1.0/modules/content/" 
      xmlns:dc="http://purl.org/dc/elements/1.1/" 
      version="2.0">
<channel>
<title>Quarto Academic</title>
<link>https://drganghe.github.io/quarto-academic-website-template/posts.html</link>
<atom:link href="https://drganghe.github.io/quarto-academic-website-template/posts.xml" rel="self" type="application/rss+xml"/>
<description>Quarto Academic Website Template adapted by Dr. Gang He</description>
<image>
<url>https://quarto.org/quarto.png</url>
<title>Quarto Academic</title>
<link>https://drganghe.github.io/quarto-academic-website-template/posts.html</link>
</image>
<generator>quarto-1.7.22</generator>
<lastBuildDate>Tue, 15 Oct 2024 04:00:00 GMT</lastBuildDate>
<item>
  <title>Quarto Academic Website Examples and Tips</title>
  <link>https://drganghe.github.io/quarto-academic-website-template/</link>
  <description>Examples and tips for Quarto Academic Website</description>
  <category>news</category>
  <guid>https://drganghe.github.io/quarto-academic-website-template/</guid>
  <pubDate>Tue, 15 Oct 2024 04:00:00 GMT</pubDate>
  <media:content url="https://drganghe.github.io/quarto-academic-website-template/files/images/placeholder1.jpg" medium="image" type="image/jpeg"/>
</item>
<item>
  <title>Event item</title>
  <dc:creator>Event </dc:creator>
  <link>https://drganghe.github.io/quarto-academic-website-template/posts/event-title/</link>
  <description><![CDATA[ 




<p><a href="https://drganghe.github.io/quarto-academic-website-template/"><img src="https://drganghe.github.io/quarto-academic-website-template/files/images/placeholder2.JPG" class="img-fluid" style="width:90.0%"></a></p>
<!--Include social share buttons-->
<!-- 
AddToAny check more: https://www.addtoany.com/buttons/for/website 
Using includes will make edits easier, will only need to add or remove button here if needed.
https://quarto.org/docs/authoring/includes.html
-->
<div class="a2a_kit a2a_kit_size_32 a2a_default_style">
<p><a class="a2a_dd" href="https://www.addtoany.com/share"></a> <a class="a2a_button_linkedin"></a> <a class="a2a_button_bluesky"></a> <a class="a2a_button_facebook"></a> <a class="a2a_button_copy_link"></a> <a class="a2a_button_email"></a></p>
</div>
<script async="" src="https://static.addtoany.com/menu/page.js"></script>



 ]]></description>
  <category>event</category>
  <category>presentation</category>
  <guid>https://drganghe.github.io/quarto-academic-website-template/posts/event-title/</guid>
  <pubDate>Tue, 03 Sep 2024 04:00:00 GMT</pubDate>
  <media:content url="https://drganghe.github.io/quarto-academic-website-template/files/images/placeholder2.JPG" medium="image"/>
</item>
<item>
  <title>News item</title>
  <dc:creator>News </dc:creator>
  <link>https://drganghe.github.io/quarto-academic-website-template/posts/news-title/</link>
  <description><![CDATA[ 




<section id="summary" class="level2">
<h2 class="anchored" data-anchor-id="summary">Summary</h2>
<p>About the news</p>
<!--Include social share buttons-->
<!-- 
AddToAny check more: https://www.addtoany.com/buttons/for/website 
Using includes will make edits easier, will only need to add or remove button here if needed.
https://quarto.org/docs/authoring/includes.html
-->
<div class="a2a_kit a2a_kit_size_32 a2a_default_style">
<p><a class="a2a_dd" href="https://www.addtoany.com/share"></a> <a class="a2a_button_linkedin"></a> <a class="a2a_button_bluesky"></a> <a class="a2a_button_facebook"></a> <a class="a2a_button_copy_link"></a> <a class="a2a_button_email"></a></p>
</div>
<script async="" src="https://static.addtoany.com/menu/page.js"></script>


</section>

 ]]></description>
  <category>news</category>
  <guid>https://drganghe.github.io/quarto-academic-website-template/posts/news-title/</guid>
  <pubDate>Mon, 24 Jun 2024 04:00:00 GMT</pubDate>
  <media:content url="https://drganghe.github.io/quarto-academic-website-template/files/images/placeholder3.JPG" medium="image"/>
</item>
<item>
  <title>Can quantum-mechanical description of physical reality be considered complete?</title>
  <dc:creator>Albert Einstein</dc:creator>
  <dc:creator>Boris Podolsky</dc:creator>
  <dc:creator>Nathan Rosen</dc:creator>
  <link>https://drganghe.github.io/quarto-academic-website-template/posts/paper-title/</link>
  <description><![CDATA[ 




<!--Include academic icons or bottons-->
<!-- 
Load Academicons v1: https://jpswalsh.github.io/academicons/
-->
<p><link rel="stylesheet" href="https://cdn.jsdelivr.net/gh/jpswalsh/academicons@1/css/academicons.min.css"></p>
<p><link rel="stylesheet" href="http://maxcdn.bootstrapcdn.com/font-awesome/4.3.0/css/font-awesome.min.css"></p>
<!---
The following code are needed to show dimension citation and altmetrics.
https://api.altmetric.com/embeds.html
https://badge.dimensions.ai/
--->
<script type="text/javascript" src="https://d1bxh8uas1mnw7.cloudfront.net/assets/embed.js"></script>
<script async="" src="https://badge.dimensions.ai/badge.js" charset="utf-8"></script>
<script type="text/javascript" src="//cdn.plu.mx/widget-popup.js"></script>
<section id="abstract" class="level2">
<h2 class="anchored" data-anchor-id="abstract">Abstract</h2>
<p>In a complete theory there is an element corresponding to each element of reality. A sufficient condition for the reality of a physical quantity is the possibility of predicting it with certainty, without disturbing the system. In quantum mechanics in the case of two physical quantities described by non-commuting operators, the knowledge of one precludes the knowledge of the other. Then either (1) the description of reality given by the wave function in quantum mechanics is not complete or (2) these two quantities cannot have simultaneous reality. Consideration of the problem of making predictions concerning a system on the basis of measurements made on another system that had previously interacted with it leads to the result that if (1) is false then (2) is also false. One is thus led to conclude that the description of reality as given by a wave function is not complete.</p>
</section>
<section id="links" class="level2">
<h2 class="anchored" data-anchor-id="links">Links</h2>
<p>Published <a href="https://journals.aps.org/pr/pdf/10.1103/PhysRev.47.777">paper</a></p>
<script type="text/javascript" src="https://d1bxh8uas1mnw7.cloudfront.net/assets/embed.js"></script><div class="altmetric-embed" data-badge-popover="right" data-badge-type="donut" data-doi="10.1103/PhysRev.47.777"></div>

<span class="__dimensions_badge_embed__" data-doi="10.1103/PhysRev.47.777" data-hide-zero-citations="true" data-style="small_circle"></span><script async="" src="https://badge.dimensions.ai/badge.js" charset="utf-8"></script>


</section>

<div id="quarto-appendix" class="default"><section class="quarto-appendix-contents" id="quarto-citation"><h2 class="anchored quarto-appendix-heading">Citation</h2><div><div class="quarto-appendix-secondary-label">BibTeX citation:</div><pre class="sourceCode code-with-copy quarto-appendix-bibtex"><code class="sourceCode bibtex">@article{einstein1935,
  author = {Einstein, Albert and Podolsky, Boris and Rosen, Nathan},
  title = {Can Quantum-Mechanical Description of Physical Reality Be
    Considered Complete?},
  journal = {Physical Review},
  volume = {47},
  number = {7938},
  pages = {777-80},
  date = {1935-05-15},
  url = {https://journals.aps.org/pr/pdf/10.1103/PhysRev.47.777},
  doi = {10.1103/PhysRev.47.777},
  langid = {en}
}
</code></pre><div class="quarto-appendix-secondary-label">For attribution, please cite this work as:</div><div id="ref-einstein1935" class="csl-entry quarto-appendix-citeas">
Einstein, Albert, Boris Podolsky, and Nathan Rosen. 1935. <span>“Can
Quantum-Mechanical Description of Physical Reality Be Considered
Complete?”</span> <em>Physical Review</em> 47 (7938): 777–80. <a href="https://doi.org/10.1103/PhysRev.47.777">https://doi.org/10.1103/PhysRev.47.777</a>.
</div></div></section></div> ]]></description>
  <category>paper</category>
  <guid>https://drganghe.github.io/quarto-academic-website-template/posts/paper-title/</guid>
  <pubDate>Wed, 15 May 1935 04:00:00 GMT</pubDate>
  <media:content url="https://drganghe.github.io/quarto-academic-website-template/posts/paper-title/featured.jpg" medium="image" type="image/jpeg"/>
</item>
</channel>
</rss>
